Arrival_Rate,Service_Time,Avg_Waiting_Time
4.370861069626263,4.7782143788446225,45.91670178175634
1.7515064502880189,3.9971611216734657,41.79082779213826
2.5930943584907213,0.8991614019067502,32.821471969958836
8.701268212956572,4.235989390551462,47.8190795319365
4.727167772760343,4.223920530050934,46.64986697994439
7.540038928632909,1.8713799292375999,46.32331408100471
1.1027618510866626,3.6666490083307295,35.46386853238315
2.6968654517432604,3.5260722411126295,44.189368938476335
8.428740977115533,4.30192106489853,47.54983884324133
4.192557010571914,2.3031687507550997,44.66179399352811
4.538096183863712,1.126643318531168,39.57350782701352
3.032105969355662,3.274798901743738,44.32785905469705
2.9570763899551236,2.150054958663416,40.72419799908175
9.191765117302268,2.2227502764579588,46.23886469194452
1.145121817349934,2.1769570845236625,30.08736682464137
8.43299403784133,1.865767591165785,46.593692982301675
5.768880629663855,3.2670635655512124,46.25635115013965
4.561703468626189,1.8440247082439738,42.76722007324551
5.327075513617546,4.964071862285761,48.00487945195016
6.860779408858117,4.35328307621043,46.33318924783102
9.42708478058405,4.133169229066202,48.25983173291115
7.033739631930609,4.69069982330602,47.638299785236136
9.970603932649434,2.1885850962361166,47.60306827635585
2.5563024786453505,3.5724061613008393,42.88073527016139
9.0382484654149,2.0409476377206954,46.51110261962198
3.674054423150577,1.8761116210226545,41.524786925108145
2.8442442926439977,4.526213471400258,41.977703749467146
5.007652951376894,2.057010858375244,44.12666707151636
9.452966453899167,3.1099249420343775,48.48453800607592
5.729403071883858,1.9912688946343229,43.71358857798848
7.751393414154295,3.340283918040531,46.66426734124452
5.7087302824782356,2.131069318765522,45.71738214639577
6.521632144457612,2.584654719775262,45.863513737702526
7.5998319513931545,2.3246216279914043,46.25293178248662
4.221082769910831,3.3172001170957244,45.2715832437264
7.768399031943644,1.2008739190952495,44.338878405006824
4.948403939954204,2.4436630460566513,45.084518264068564
8.300148436575762,1.4927599925759416,44.88978766925614
7.089651485256699,1.4583445250064537,44.36263322420923
8.442809447356277,1.283754564145046,43.771896078323344
8.556449058914648,1.6370339538090959,45.821033864603955
3.0248327401643094,0.6854391308369583,26.306352070648096
3.9706372040423905,2.434333902304333,44.32935749087237
5.36083975192651,3.5910949040744597,44.86761245319672
4.732154972410995,0.6090005228816167,34.513835521941424
2.345556788864173,2.3783692789690027,42.322263688914255
7.619359652458435,4.5653083480658,46.75417768749412
9.519360323484003,1.2550967022342128,45.233625480047635
8.371619423257663,1.2709208922475919,46.31036184610753
3.126343661871732,0.8441290968982444,30.5404360653245
6.294590954519467,2.660553579285557,46.25581489318832
5.68621078789646,2.7965122044875868,46.234922299399834
1.5382762781709651,2.1000575973247617,33.0284896421463
5.131149002031417,3.0041703774052846,46.15082659733986
3.487053639667181,3.090197060903101,46.728388281656024
7.535589630150272,1.405728673330178,45.16466453714088
1.4278526360315362,2.3061633232942724,31.646904768679022
5.5999429870562105,3.562863766010297,48.261559519444155
2.5251558421096636,1.4687223165787167,38.170681058856474
9.36489001437681,3.841283555049775,48.461479570435046
4.471729263463601,1.2143157826559214,40.87381347380025
5.58306159431888,3.41711070145737,47.59823708023925
7.929174692618855,4.761649904865759,46.346164489487336
9.83454069025074,1.12583902109321,45.62734161486162
3.116527309629828,1.1193259980479144,37.633862117307146
1.848964719355013,1.4585098633127973,30.90110725074274
1.1316806155470107,1.5811609479010458,24.749287855696352
8.970054613603,3.3475113949630795,47.237313212334826
8.67274002725949,3.028945753032722,46.735080301724864
8.199515135875734,4.9931324396349845,49.29080131904845
9.400773804644944,0.8807368371648825,44.027290489517775
3.744505282882273,1.4328675698275242,40.04007242043421
5.860348455548774,2.018003099353809,45.354368508489394
5.250092884898591,2.7660864354692825,45.87125590877575
4.880013596227317,1.2968364726502462,42.78817784571396
5.783828682543467,2.014009076392299,44.72386121162488
5.859290014493844,4.284397675284842,48.02396929104293
6.219506570395475,2.574487348656258,46.5224118064909
9.252088269564563,0.5428146239471539,39.00102081179345
2.392552676362227,3.8790739790505517,44.21234797331939
5.36026207581868,0.8777822489141922,39.29150618340406
5.233313195883982,3.0482505707749814,45.95244857359168
7.220847971206494,4.489118811456159,47.75461590659288
8.674561204832157,3.3761396856765504,47.233746654613384
4.632937442977336,4.773075330358927,45.938989078524045
2.9018121312559337,2.2011342875778412,43.427334104202785
6.915319678777658,2.542502752181068,47.49168810743283
5.450653393474334,1.3795952478448361,43.70517786318036
6.601329268965146,4.906744463762068,47.46474778010613
9.087473530444516,4.357303858339503,46.663904286869005
7.690966516486778,2.7856349251218435,46.19463543105909
5.304456317399854,3.544387154415757,48.06312488537448
1.8652713085971977,3.6530693996607666,41.79516820763683
9.413079447343764,2.7134096978060223,47.88905652810551
7.148438557790529,0.7943692728807457,40.75196865745015
5.089521472837895,1.315109119542379,41.37941674842865
3.9099298838983834,3.3656693026590445,45.357638231483534
4.294892500888228,1.728759351695583,42.95067098301736
5.307992777982151,2.834837607521494,46.0513087802855
4.123647672539977,0.6396034062726448,30.270761693315425
6.73268465284345,3.525666040519763,48.022071741385666
8.226350656648613,4.434311069819652,47.517632204502966
6.808432046072831,0.9971288904665307,42.23065815584235
7.025431025496918,2.7831666654708718,45.987101632966045
7.2141678776079035,0.5995743624621459,39.026488879405825
6.733879141492533,4.318987196663147,46.86059984311951
2.9952909049640546,2.3743113420738826,43.120405787261724
2.40680291685371,4.401382418815624,44.25353287749406
7.260997110094622,1.0290867079797306,42.525178410663194
5.571400875811508,3.7373013989140103,45.818011011309395
2.150272001649033,0.5183725144637467,15.450303416520619
2.262779553925623,1.6856279368141354,36.48035310492006
7.631423408459998,2.038758920730967,47.4082899045126
1.5585034405791225,0.5953230376421963,1.7711173784038983
7.9979877309003085,2.999200927232657,47.51626307890179
7.407737217617537,2.2792793651762135,46.41047632575081
7.510016620217348,1.0785978894647466,43.25931875591616
5.277511439484327,4.674486691923363,47.44370231313212
9.554742440938405,0.815353953224957,42.626857195067345
9.193439186595139,2.908319389388142,47.35674244588645
1.7974407267489974,4.236274134599703,40.66212492304127
8.937307041031174,4.496578145472793,48.60579620841789
5.624146146951709,3.7702812978336486,45.44638763230291
5.8751252598749755,1.8872644102261054,43.9084429473906
9.60709587331372,3.0066807016814243,47.625805867273584
9.566135737576763,2.4558484935756413,46.25285422597137
9.07337012113494,2.3054557762804406,47.293634933429956
6.315863646329222,4.124705193952081,47.2855651199993
1.6981428492314232,1.6738530583797793,33.339592977441335
1.9333427337291056,3.99689130310326,38.53685191400937
4.6646020001659245,3.051373705268248,45.66671730624224
6.704243669323868,3.0984434990904255,47.442297626087985
1.4034194499750714,2.738494430998201,39.80536787154869
2.875312739881622,2.588332717721886,43.772120589954234
5.406067322331774,4.786703999695757,45.97097623745882
8.524978192804095,4.5816663623825225,47.104366511598975
7.270942723273226,4.452505779554279,47.79901216206326
6.443510896023952,4.674750764280828,47.43868690509928
1.9065053177864058,4.649277209185259,41.76004100191482
6.775783065022474,0.6418684523420048,39.12992314371353
1.2446113215406207,4.115598076186261,40.40212464526876
3.8392682754230574,2.8650831954680247,43.131691469543604
2.5835000942392083,2.0930089183126768,37.58641704600304
1.6072125695330906,1.5699829561845728,30.720778613088317
7.469513218015042,1.4695414850793247,44.338061748716015
9.57552006941302,4.413166762977807,47.559076877651094
1.2342177193864796,1.6928309010598284,23.567665534471512
4.5710853791047015,4.525042765426312,47.8103069522617
9.679472561681106,3.5438127165287288,48.02782359895047
7.593567987647265,3.6836847600047244,48.17901835351802
7.82659356146411,2.114583370404066,46.639044005577716
9.444966086085909,3.100812215580717,47.70020165783734
4.008279535059366,1.4090043853501013,40.620740733257605
7.95106602910327,4.706288413663193,47.49186377411757
2.6994680254496695,4.163802127970478,44.116181627939056
4.586153367324083,4.085766846980426,46.77780320837788
7.416418772096689,1.882361904507153,46.46215993645187
9.824729224478267,0.6091448431016123,39.83193286599621
5.6591424727322215,4.946745351163994,46.65847981078847
4.7008156118974505,1.5918625573292131,43.29676899263121
7.7476245242532045,4.145928176166359,45.31359535755732
7.379071635747299,3.9669575873351413,48.2306806719303
5.19369988986657,1.959513566793755,47.00552424199444
8.922333283762573,1.4847177437165382,46.58036629165073
6.0982836736988,4.684989712450768,47.85310026770962
6.2283184114073515,1.4289513314751332,43.757560207482314
6.8714301967023115,1.1361223476192532,41.40458577506048
9.349416788649792,3.1692007955567005,47.5062778435818
7.425556319015485,4.411830426817451,46.594560370549736
3.1391369820315083,4.119684283098697,43.1707353491652
4.560708709882963,0.8956709481667803,39.0486447278938
1.2689383165972492,2.40428842824337,30.13780114101067
2.1367435697442363,3.754121375222183,42.396279437498684
2.487484728549018,0.860299572281101,29.292677809539704
1.6886772344561833,4.450958888887283,41.53305990858705
7.742965351323596,4.0580858761932666,46.64256070018333
8.375428790168382,1.4597915014573972,45.78510467139875
7.3468330828584225,4.993766533855904,48.90563416034321
3.046906897202942,1.9010250769947439,41.10143123441587
5.7772751547570795,0.8412690824109378,39.73026895188629
1.3652283177505729,1.42321788378518,21.475709436573332
1.5625224296665061,2.262378248282614,32.66233714595572
6.668513101588693,0.5726940451792186,36.26920800128977
9.756907465901719,4.50141757482172,48.436226518081206
5.651460315509117,3.826038040185191,47.5634442532567
6.755807411429848,2.2169344675730316,46.261492960807274
2.3863854963953157,1.5959578536806478,34.069799815894626
6.1420998145271,3.4172948798765823,46.86425956718259
3.1091453247634315,3.969046313226551,44.62342296738146
4.605177079940869,4.7692891201119085,46.268044325486834
9.699370898961893,0.7999265633810226,43.602303711945055
7.164502271454947,0.5600683707264082,37.57039031484072
3.6091072915769957,4.153333437346931,44.645085813437255
5.044895608530422,0.6646890413540807,36.67280122498429
7.770616245545243,2.6887257064262884,47.63062960838365
8.504610831487248,3.1247397091063687,46.69210879357572
5.360253525774901,1.7351920443080793,43.188175781644475
6.250308072717484,4.112766539921775,47.645635901773375
3.2374919223606855,3.564494339086763,45.40089198397175
8.822773558009223,1.0213635112310697,43.602852130542615
1.3942465339989527,3.45871455680876,41.039158709907376
4.643468447936817,1.5493538639039617,41.39798618527279
8.265723696519279,0.7006897076626994,40.44600661045205
1.3501797972601781,1.3171316274873193,19.16347322986063
5.328489869086077,4.390664482113543,45.73065712919426
8.875981441182585,4.088918625398497,47.63332873158084
7.309586183863581,4.9867649494216675,49.14914261013849
8.509865241224313,1.3303411897808144,45.53939379977415
4.218796575189449,1.4586011224560027,43.86849904386131
1.0088534100567,4.873551679607212,38.31809452100234
1.4632506414396098,4.539641842197907,39.87546937555587
6.570858221347015,4.919370668821617,47.58353821121688
5.574561385009687,3.4067539995768388,47.450425009455685
9.044526444992632,4.457457156790795,47.7399808816545
5.111997520609981,2.961131877448302,45.22069804372748
4.8665089125521215,4.545442266278261,45.84600000180903
7.025930307358347,2.6247977275384637,47.0741778182339
6.292968097541331,3.7213473452369636,46.38051007246996
3.183469424125187,2.5497737394311915,42.7282472673797
3.5303479859433864,2.107860039872554,42.96452384362314
9.510582602268535,2.9537684328582374,47.11963262368582
3.2346982572348653,2.829281335070582,42.20123272206573
6.225897364875516,0.8517292043965605,38.80637166314984
8.337531716957281,4.018096671931788,46.849217186521784
8.941904940007976,4.282367203326027,47.75909271679692
4.356619431374795,1.170715844558601,39.961915373968814
6.805411535054485,2.9196878862060536,47.188757241751276
2.257033845567534,3.957024873686133,43.27522995406719
9.279817734724574,4.7700919740771,47.005769315942075
2.1117697969810307,1.5278804759868452,30.46579289246669
4.235333494994535,4.780852853165957,45.39136604447305
7.056503051575573,4.258113290190241,47.56032483551644
7.895806299188493,4.8464148930572035,47.10255293395406
1.1445653692038742,3.505587237730544,40.943076008047505
2.8244632617527916,0.9200611552495012,27.06999352202325
6.328975145985347,3.5975052359612185,46.27162786323354
6.281633811295917,1.0737724123087937,43.2233606464587
8.1600335541016,4.900122840758195,48.03958921343156
6.741761267005235,4.300080117711859,47.07806770913701
2.786925723927342,2.3103607907432253,40.76244721255994
9.320062341393184,1.405001205959232,46.45313474970245
8.158247683264177,4.669776805996209,47.48950621697959
6.204735632801009,1.3235428513524161,44.85974678189809
3.19434359882264,1.9657497657352616,42.097931919700834
1.6083730544801247,2.542443236219208,35.81459804996092
9.859376943714755,2.8266450339193288,48.24610134966431
4.433930829493957,4.121579579221675,47.462249507071576
1.0679848965737142,2.695086601200953,28.88352550987214
8.775511075015048,2.885680446198168,46.93480880660252
8.815746481246066,0.6871298604994593,42.35468311246008
1.1853431172957967,3.6068704469544284,38.129186089146756
8.911784283023643,4.094503849164433,47.549943566047084
3.3689950727022793,1.6966018922739845,39.39594037896096
8.694792945509617,1.0138463177919845,43.98346904327441
2.372442003046307,3.264170111225747,43.77550382860935
7.585647749276144,4.100467573174179,47.39075172677723
2.007578765150828,3.7250021068237773,41.882576930831135
1.1132963278416295,1.9523018599141087,26.529282847060287
3.8205914100664318,4.421527438309616,46.13690631708829
7.419811785160574,0.768197332639954,40.61554029054924
2.0714270591292627,1.815848907514014,35.69332813061214
7.934092865168756,2.467686121346846,46.474144037446045
9.02188865719825,4.329480693687821,48.76747722935395
4.554661301181938,3.0129190528997967,46.52580136962662
6.550252204956223,0.6309169007419626,38.89997346032376
6.076554917566084,0.940889499462235,41.378783558771396
8.019384680451397,2.1239016885232003,46.8115416065034
3.2844723784105914,1.6452430378287317,36.87616192758506
1.6572556549903192,4.14019056562138,42.03052612209771
7.097996978617426,4.575252397948456,47.01414032556169
1.022565643887815,1.1587662098153841,10.614577856248049
6.866087564751077,3.418777309188951,47.819475671384104
2.008880949421519,0.8369444466309466,21.790490961834006
8.182090783150999,1.4966010976953958,44.7945395718416
2.4339093619979972,4.550684790986225,43.45156830887921
9.222882314867276,1.8269009529768148,46.05146056833042
8.333269376153279,4.970497725326214,48.15706951204643
7.608038470283394,0.9222531274776338,42.3411191793576
1.5721526414827498,2.158974891149686,36.56994944123675
3.327121031438884,3.5845424793574043,45.036502406364995
5.041984065440111,1.26603859116418,40.602225267853704
2.3360807995131307,1.7846896388389943,36.60422802076764
4.772829201408099,2.538878406130044,42.423792352972285
3.7207181037584443,2.298465487240009,43.56380881696755
5.519214259238469,1.2753810940757098,42.506794361011686
3.96158796358608,1.2898453395895906,40.87996965602411
7.6213403752317515,4.720252124002172,47.85700830971525
1.3335875636619399,1.3176998444768204,22.511587485507263
9.225042287382276,3.9762111496946058,48.48410994891056
7.963311661299985,1.0763292078773388,41.0474699894853
9.433727113003755,3.6792434140006596,47.732773468509215
9.426561926349079,4.263910083075798,47.79516982481177
7.852296457719306,4.86351242301186,47.185267229033094
3.378604506740419,1.8588812503334453,41.69893682428286
6.0378355944894615,0.6873642542735089,38.85729846062748
6.475480347603009,1.5310580664228168,45.97519504996951
2.5718567568321364,0.5473888255466342,17.426226455615552
1.4283055145169063,2.6361595774904916,36.01201985168125
1.7476851552069186,1.1873029974644749,27.010307736599962
4.127011834871734,2.156785756320651,45.365949214431836
1.069188902496062,3.4673497561871653,32.762794462661326
1.7785960556845177,1.8233059373252747,33.46595539208222
4.866198613214353,1.0848267314993523,38.42819975909128
3.7670023968468347,1.3745504265600972,39.3182633719433
7.266727348500518,1.7431803229191207,45.35820749065058
3.3591238747924823,3.5494622056044207,45.794338186634654
6.422760787217124,3.473281836605243,46.78934301973434
1.680524373163522,2.9605598622352445,38.531154471149186
1.4924497525284495,2.7951159160321395,36.26888133476991
2.5642183422512175,0.558151265286272,18.492114649816774
2.7657241293286567,1.9798303204554037,40.12016780236836
5.598852167785284,0.6299778959582824,34.301295483726975
7.706123173352069,3.3353653916965205,45.76295580107422
1.589287984274498,4.143471989143779,42.89076339481959
2.188323715094321,2.4180886517850393,41.35502887509165
7.703251972094299,1.895608912233887,46.142320836002575
9.205821229886647,1.455060427620336,45.405412751414325
7.279129328962934,3.1613544876222024,47.33866260376636
1.871201086636095,1.68501880347006,34.78055434881661
4.068577414765511,2.789262844280848,45.928221893189175
3.7123918293315588,4.778129896795655,46.03938153996677
5.010196826463586,3.238493321883448,45.590389984421016
5.592583169015627,2.033338326850084,44.9383732316991
1.9671151716524542,0.7118907287311032,10.940345281915487
4.749671745616154,3.3717424029710137,46.16415065690959
7.482854654111783,1.1232843064136673,43.58866630213734
4.479806707243688,3.296854863247896,45.96363725579312
8.878194744716145,2.0737564845297447,46.59732569151959
6.933285228392966,3.341442080763262,47.02176708415243
8.237133504351618,4.645895315302904,47.593089104702834
8.862076266108161,1.6033366765490844,46.3007360319055
2.6770442272713084,3.833056103399374,46.59972340015561
5.264034344106189,1.1536978566255216,40.5550587640713
1.6985368339882423,3.0317252628993727,38.06051495909727
3.8640053648666774,2.733023848368359,44.19427705649109
3.6005945562129957,3.8987667450766343,45.038035454209165
9.982258814263394,3.0504621755183887,46.90298721952368
3.199393118499077,4.071280172694022,44.653921933546805
4.697320382732704,2.3383248396171004,44.757137059431805
1.5745671826423,0.807921746118113,17.039416262571187
5.325562443430654,1.5728514304666397,43.749729148229804
8.558617639073093,0.6236374871719046,40.876085682018136
8.51445093627599,1.3059706818011163,45.49404596626547
1.5151891148610845,1.8416547864785704,34.87263154709365
1.9208452579494673,3.1854204670935964,41.249912086827415
2.728000475737642,2.681614680804023,43.56582082142391
7.082956271975958,0.6844365886496566,39.530597221494276
2.5070738608538217,3.243857320414892,42.305866885633705
9.581437872823642,1.5772266980818683,46.232781713308725
8.454541925611357,0.9740390950865534,43.48493938207138
2.5938911833485356,3.9049773130511958,43.835207484687075
8.826007418264457,3.159364214156433,47.5069106582672
8.706170392456839,3.784371018048041,48.12988582723729
8.873522960334688,3.643036411539568,48.1489648235463
2.6612372178752652,4.279527671486422,45.55323400421663
1.5188960993062182,2.99510010458719,40.018614149979264
5.628603447260836,4.503790454005643,47.86688072220446
5.250759360848553,3.107907274936373,47.32576711151586
4.1419397233646364,2.698719587641337,42.69172976326351
8.205741588857839,1.5923211339465775,45.67592278862748
2.997805620944765,3.789081056890987,44.213754358287126
7.2691738009914655,4.88952693789161,48.11065644003819
1.348537014477599,3.596279110575019,34.230918106429755
1.8650499235341749,2.7757461930461353,40.703268072844594
8.985154195827993,1.2245045221108883,45.2116976575822
7.862504950468125,1.5723485645183033,46.40567653079258
3.6664918133764877,3.225669323996051,44.467231865479334
5.787659644541916,2.231334839980634,45.320416117995606
6.821308891195082,3.086691499029968,47.33080441167476
2.5021246695544814,1.7062621394282589,38.44392281286038
1.5284887331076589,1.0650945005663681,24.25873875929828
6.132485793467652,1.1892869945452351,43.39777014270467
4.67218021116536,1.2768787511500377,40.83993387844341
2.4150587313462046,4.047978123401001,43.46489360546841
4.429207821893279,1.0912933957325095,38.61876787314366
9.46268903925252,1.886674942372467,46.639692320510214
9.379426558379906,2.715080062066002,47.22562679648116
2.287946554998941,4.871416314923463,43.227086903382414
9.047311273028056,2.959731579883992,47.02427232380972
8.436208324314814,3.3933610001177414,47.441697279047474
1.1880014006532549,1.4049469260768572,16.539693990376318
5.091645357889403,3.3663076667556124,46.04307256737364
7.890553150851403,2.990580377609357,47.558854220935466
3.8713341908346512,4.8843249338732,45.90293221958756
8.80760537920886,4.179671640773349,46.84028348754799
2.653425483457376,4.189146341745401,45.60480627244121
9.2091676246705,3.4514463759630107,46.912982362128965
7.6502062430110405,4.1553505344856605,48.7774730242926
2.3348471195596487,1.2129837391834155,27.889967779400532
8.434452905520528,3.8677822957871015,47.085221548259376
4.284390734209855,1.2428125292957781,39.164877880953654
4.042233187460105,3.780868225343429,44.854116659340114
1.4612221701092702,4.118572329832308,42.78062001873591
7.122591285857425,3.9691394532935838,47.251023040183206
7.9915181128243375,4.753548245041044,46.353143385803385
5.426073996020911,4.137814996150642,47.17108733593288
2.6926236058918898,3.54413168491049,44.5665261246207
4.523400962344129,2.0500766424963834,43.603568729821596
2.3715530882530467,0.7936675077065968,24.293523528871756
7.28704465110882,0.6366743138659975,39.70903824177514
1.3814750384924324,3.960057192460094,40.689018482090226
7.076136707454395,1.8079491359758098,46.404570459412234
1.9578920074963035,2.764635859074054,39.42531678461633
6.9093096430800065,3.049413935801269,46.60877584070619
7.039534226339355,2.137933973056085,46.331601124636705
9.265644034493787,1.0935235500426932,44.05391682237804
1.845566368167828,3.302016926896248,40.35475695833286
9.46501135048855,2.012406792787991,46.4436648820721
6.318682678517159,1.2748381392249972,44.252033188627955
1.2509004990874515,3.9578709508984407,41.739459553321716
8.111443673842043,1.8772198114608079,46.12674211954968
1.8988617610850103,4.328579313528053,43.24857913917053
8.17670919407153,1.2618326865709821,44.363163493163896
1.5807844495832997,1.1964881444929776,21.871934408457662
2.124970088820355,1.1523668253212838,32.7573881157144
4.324671498565347,1.8368211171758517,43.629565738927525
5.498655016234982,2.613378905349019,46.21832890748312
1.601230851203057,4.372333643241122,40.180793083726606
2.0961364630371024,0.7232009171885205,20.799626661402005
4.759389651967601,4.879005394580239,47.400238851702966
9.454231745758948,3.4175042873471364,47.316501667665456
7.194866536020802,2.0310584474097486,45.899992922424836
7.268439507461135,2.619541086327581,47.08643786094975
8.234839542410407,0.9465134330922196,41.75816580841813
3.494043752392341,2.8682119459850273,44.081653659064635
8.855147587813512,4.949973199792827,48.33065846506803
5.718344304646183,1.1076070373310611,43.663764046511616
3.3468484705236374,1.7105464578552643,39.750224665935605
1.263153650805845,1.0130670511271036,11.000174048626441
5.532090934373084,4.8238971108555075,46.76260205799808
8.445166510618265,2.6422212652768153,46.364076750257446
6.958780657973917,4.743940673623034,48.461139207355025
2.529385171564273,3.6089096438886257,41.766746656665475
7.434331732946336,2.9613129212276146,46.82528952349521
3.102523296059814,4.400730956514054,45.52013331683209
4.894500036823897,3.652260157907136,46.17132363789462
5.754537460865857,2.8137048735513925,45.746029340344656
6.1994633055254775,3.0345192115785777,45.796293772932025
9.21035093163362,4.836137538814283,47.30502227213347
2.2786619733430276,1.0710848496810006,22.230372290392353
9.71609813766769,2.5121571150410635,47.57480272915262
1.867781552390297,1.1543699825885996,24.18528465027807
1.4647289460688975,2.0933796587452638,35.12437177950733
7.388447320030864,1.7504593300447437,46.43552032747934
6.2672454585226385,2.7663330091555327,46.45225349318384
7.0466330157866945,4.036775395259378,46.79305449810572
3.8292720886881315,2.226351662982357,43.028477182397154
8.605492643213912,3.6652053805185236,47.94221953554629
2.6270846594292134,4.163765409949155,45.43098022519566
7.218082059224471,0.5594544102198501,34.366497051934886
3.25694092355367,3.11193822888021,45.05797867703714
4.366527297259037,3.907727439905024,44.778852895465995
6.85776422056606,0.7882248922622486,39.382977057417605
9.783398917847823,1.48561318268192,45.61131945024383
5.493602718276397,0.8142434759493182,39.25002843785856
6.606816307870066,4.5496044712243044,46.60165499814384
6.804067636665433,2.080764871049606,46.59774533562035
4.865021658959809,2.5963571135925396,45.42372569663356
1.6925728370380004,1.850153910894431,31.950008332743806
3.850237270044146,3.645112954828277,46.18939294468395
9.298295126138466,2.2125898343074724,47.28563928873733
9.300544832707894,1.9766601300218125,46.0652635508996
5.491185730767841,3.1635068772103834,46.34297639429572
8.502802417362291,2.3432800296583913,46.251874721194696
8.375994734648668,4.714625617169704,48.836289072767265
8.902623202072824,0.6951822486409741,42.90243045246241
2.755010345817788,3.2367984112334933,43.27039038744163
8.594944377631577,3.8342798755027236,48.50712144501842
2.3139312021511125,3.6639196041531137,43.59906168428592
3.512047120959752,0.783537634343868,30.375029935364594
5.893115671039736,2.517075174718923,46.187835491990064
9.621812794792747,4.727297198510243,49.03959702245731
5.110682884667661,4.365802716873302,46.18618062717575
1.9101666080103583,3.246943398672105,39.86925270423274
4.087230707037927,3.8709750287702747,46.05890801131689
6.141745990023086,4.225692784535854,47.0969922542007
7.225452915027123,3.9119879444785504,46.99480146812839
4.7075169899837945,2.810264268451559,44.91706259891607
7.438286069260478,0.5919711547534354,37.699197780974686
5.112174646716212,4.181060110134751,46.10313286356929
1.5368235002665642,2.387580343629867,35.42939923664256
6.542995931286704,2.2988189756846804,45.95452886595404
3.4909117014473523,2.198023405459244,45.00330269304472
7.816339258736955,2.96563423564455,47.1010814493397
1.6892432762976681,1.6716446985362954,30.710894459828406
6.5406731028946785,0.7901755776139072,41.12031395354233
1.7971216322499926,4.590387649814786,41.281283364133294
7.0629760111999795,3.2350897992586645,46.91930199089533
3.4996161633887537,1.7426226060028216,42.299389576290224
5.859538720750592,0.7704013563934025,36.86897432512612
7.784830715319244,4.615741690812945,46.85896456306429
6.861709847368218,0.6599246656954195,39.507589926183044
9.216285653763212,3.711571933140061,46.63713460820586
5.611634393657901,1.4341870055416837,42.72223451940804
5.440356130907451,3.965309759636116,47.033317342316195
4.592797721387189,2.157061021205253,44.71758295632157
8.217456489687484,2.86786450833626,46.80698202294199
1.1795325483999513,3.536023184527053,40.3078766003081
2.3566109872944776,1.2260379336092573,32.91077353852471
7.05256947836353,4.649321009005643,46.18075611166608
1.297828447665136,0.6349705940916248,0.4827974477528415
5.169965766518147,3.691194455487463,46.11750519189606
2.80483423009711,3.024659576853567,43.22474317539565
5.193299021466317,2.1238611226935706,45.39138739048313
4.525061937719695,4.752597564267513,48.54302118969104
2.099727541803579,2.4027495088598902,43.210442164171546
5.234378574828747,4.513432012513532,47.29845755668228
7.59543394575275,1.9880298703944508,46.22398148091021
8.012726085437734,1.8438745503260205,45.927234407885706
7.0677286737114935,2.4969683521185497,46.14223410515979
2.722622751625596,2.0605680380071956,41.82312488861336
1.8017108915618567,1.7804991079798318,29.899656776450325
8.408895608990518,2.3235930068568567,47.59684204346975
7.616348567380733,1.2773788300093876,45.56140048736293
6.908051870456511,4.499880337455942,48.00350555617198
9.58348302005518,4.986225133039835,49.06576574690476
7.116990594775071,4.957025779028978,48.446803447903335
5.697831507915038,4.491855989541305,47.22529399075205
3.837594602405747,3.201448127143868,45.30439922257457
1.5455305255188991,1.2725566440040825,27.177030524161694
6.061839770126778,2.6927735313612033,46.964139416681974
1.1842226357416399,1.700858094691536,27.96791777300516
6.824179076795521,1.8103687207251773,46.29025990197515
3.1933138073413287,0.762948235654949,29.984126075548062
5.0174862708275985,0.9782080563674624,39.84262697608065
6.108937482158623,2.674479713447734,46.438245456955734
1.2875287785307425,1.11834830397215,14.436547701667655
9.979828674597544,4.995352732343187,49.07785574603936
8.555068585951513,4.068989812392105,46.95861437584975
5.072590821793493,3.571849734612901,45.87403056024412
8.781302894727698,2.705141782401462,46.62328003149674
1.0021293948988208,1.992261389951941,32.015398308493
3.871004473180504,2.376765473539506,42.56859897490263
8.939250080014594,1.2425633281620936,45.89553018050513
6.273433287623031,1.6066116637637298,44.484717351475034
9.231464916487068,4.182754821181476,46.79857954313442
7.3916779856799515,0.627236412345189,40.41579097770509
7.135128654137601,1.6203321461406217,45.39375728089301
8.557939441011408,0.9544218573746025,42.76128289228373
4.466885048761001,4.123939891620365,46.84782948987367
7.564186550449989,2.2548501186774876,46.589932411974544
6.089799145767079,3.5978472410806903,45.852999331858335
3.3568948474697464,1.2460270962323454,37.349144283785165
4.802891076267378,1.0989534315891274,38.40615846852991
7.790947320546165,3.483703510241717,47.00066802823953
9.01708526536449,3.126544210082314,46.461353089353
1.3579242822747355,3.998117207954631,40.16177212979821
4.568901453750913,4.185777334287508,45.79017409217352
9.372151581613261,2.1302466876122734,46.463334723429455
4.796065037205069,2.4316861192374613,45.80145644382119
7.026278832289558,4.138970077277268,47.912664691373855
3.244597970914396,2.783938112281016,43.42656242307665
8.389604354655757,4.898496640845317,48.19098461394916
8.995917981384352,1.9537574364999448,47.12932559902387
3.512847135070045,2.9770207570499823,44.039043276750384
3.655585214173482,4.886127675287183,46.37461012114354
4.566705878782546,2.0833987491601853,42.99219321236891
5.555701777645517,3.829231584503817,48.020119858532155
1.7088396287741274,3.1242255694264656,41.508589701004496
9.729263765713977,4.2566283553829924,47.99792804977761
2.4940608356743796,1.8483541404440271,36.98034037316997
8.416656066379447,3.773403409570271,47.848246209334
6.652086688581796,4.897947559166413,47.57387988231299
7.454051696518217,1.4522237600886085,45.414680761188514
2.0036769692277074,0.8979517229089831,23.96952470156857
3.4239314277747037,0.8884024695026693,33.49283891194022
1.3444834249981397,4.365882932875912,41.58499183829517
6.871518452874725,2.1616688207920447,46.72704390073103
4.916238269774315,3.6037518526450807,46.625571795847726
9.274598330745835,1.917577473774577,46.423072092286844
1.8693994427756975,3.6365180190809947,39.59286306816476
3.3614138963094624,1.4015172766036528,40.87909934755183
2.543533578703859,4.956066085131656,45.21631776311981
6.91283853924684,4.881140441286487,47.86599049545747
8.391418062189256,3.9294045776709994,47.51577740753102
3.8814382119344106,3.68612950914505,45.52552168520486
3.5290652354693086,3.313777176703724,46.00812545585689
7.5492559273692885,4.410459323498614,47.59886409707356
2.5619089491315004,1.0993036418186783,31.438763468779538
4.982243223805714,0.5223917554431081,29.335233375747993
6.3617844220426525,0.780076064857504,41.071673465558135
2.8116670479641583,2.4605703602199274,41.12625027158473
2.1358687530407194,0.5554685443224008,7.611156049251258
5.173945432390574,4.16546986448882,45.63517275387186
4.167758850846175,0.9177894462258782,35.52624892049436
4.878412301334634,1.9614273297268467,43.53243196579514
5.420489748346088,2.071074878592486,45.63713882465819
7.9007600661949375,0.8314652204338944,43.07648424861096
7.368177838082801,3.579660177114056,46.49046874595475
7.390480392640018,4.376127835191412,46.7125568990961
9.894947298675753,0.5647731921620338,41.24356129513446
6.482240535847666,3.148918672071281,46.331960858994876
4.682158048735834,2.165739829911113,45.12543902301347
2.5801200927222157,4.399957375435481,44.639543753271816
6.130301261421867,0.7617366508324888,39.95215130832017
3.1626823353316293,4.767520376289044,43.2861935973432
8.102987322231105,1.5172549453859454,45.44793085151332
2.945579382577674,3.444719160718325,44.18884881432924
1.46563509556472,1.6212590579641277,30.923455842803634
5.406594063622064,3.7803235684065726,46.544650098860444
2.589897222588836,1.787979716923848,37.99063075166868
1.4761847145235407,3.7074996041862285,36.897034828827515
6.526813071410979,2.7610374710404857,46.43951921536909
3.6516465302395265,0.5258204347821391,23.757546253711432
5.103485810087611,3.586150500273952,45.60811956019462
4.776875416275531,0.5519221579235898,30.06082553350108
8.394089882470047,1.0583207676845516,43.79898229386865
7.566584422770577,2.854451271101372,47.88081705887612
6.7381790326084525,1.8517259322524462,45.43754128248869
9.855189779919096,3.9493096021928915,48.041020763663724
7.772355239865111,2.6837205646473583,47.57605041422332
3.4087153929773795,4.561727751232115,43.43741348257224
9.285171286193776,1.6483877835182492,45.40943036581063
8.100346195650502,4.624099573637483,47.19698686401128
4.104440974153287,2.6957575083991694,43.86623613639175
1.2428097559880453,0.8088231315069121,6.169501538640803
1.668924716790324,0.735965223314422,10.37023344335308
4.906543081317733,4.923727774116316,47.8877701821642
4.85872528919351,4.983420504766021,48.55212227306433
5.073556546894445,2.282891010626658,44.24492079103306
4.032788067100286,3.9273188465982005,44.894961769925885
1.7768506373535282,2.456504500530149,38.22254392000414
8.990691999589771,2.774407500500751,47.92705052653723
7.044515561347886,2.976056393012781,46.25274136955373
1.5314356040147026,0.8709237163525686,18.045667590916892
6.755645983383604,3.5350177737178012,47.79541883750017
5.597130206338787,3.6433851079737543,47.298814088414915
1.2633857204963814,3.5717354936455834,40.040324354212295
9.232564405277294,2.461978640109523,46.360379721894155
4.312507580949555,4.668874102029252,47.352021603341136
4.2967538778737495,1.3451815276006773,41.12830782571716
2.32394628917511,3.731472762609414,43.956659263357224
8.400182283913935,1.9614989610253055,45.95529237825915
1.563125172606767,0.5395612547931552,0.993789953214322
1.9943819669510616,4.643921089606123,43.04064039769661
6.722973738789404,0.9202954306222265,43.22684899627004
9.962192375560315,1.3043976994173871,45.58934544330662
9.758996793847725,1.8256363288361606,46.003708544402734
9.647281370437868,3.3882596016609394,47.65436144822847
2.04814938434399,4.6287614399215045,39.985306218872466
5.9409850236481825,4.704715484660544,47.58214084383084
1.2519851627484628,2.499772360039115,32.38892851678109
8.634524803259751,0.5325993421291859,39.21352343581288
5.25986333658776,2.5880638317999916,45.97669877473659
7.33859523835802,0.5680434156831274,37.25003871600334
7.612978489241451,4.660515331564058,47.88108026989444
7.384155058443506,2.916245042033656,46.8706660013103
3.767025814361056,1.4633294199504112,41.60094236695513
8.723928930720373,3.4791645781745837,46.95031740635953
5.467453735679951,3.162051164481646,45.81703688314179
2.9349707112311867,3.4582269457898596,43.45794026381665
2.0395299295379976,0.9822174659751193,26.052812147593926
9.43525155788914,1.4996562517839063,45.94734453639832
4.542436658696934,1.2946319400413615,42.73286383340076
9.450626906532197,1.4958384604791695,45.84681654628942
7.4314222655626745,1.0545770021787904,44.0103954247335
3.137643236897801,3.4052546940681023,46.44201231066231
9.799141077178033,2.792681652541402,47.18977418748477
3.5202574836563283,0.9673244425423444,32.820895645860226
3.2322605859548754,3.1859635206629844,44.94649149223929
1.230789374178138,1.674485648383842,25.845997910266593
7.929118885248605,1.3775282825676762,43.90415889917446
8.868876594266782,2.249747391302393,47.5522511757771
2.3339258958897613,4.948451804702271,44.98579297429006
3.8252677374297126,0.6157015626058543,28.28429582665631
6.023683622761404,4.877025994405047,47.17199633131745
6.81571115336797,1.1867461709587315,44.51147456517304
1.1296021489992554,4.656428289454317,41.73032796862963
3.313568985042247,3.1364669016041598,43.38162819356052
2.5900659333123617,0.5501856567100469,18.102802365944846
5.186782470508118,2.9704362578685335,46.572716368569445
5.409110427343394,2.3423603514905227,45.02313338243365
8.738168262902533,2.048649347785212,46.73138865255605
6.62528673161553,3.2199187962237636,45.91547656705054
4.256598951396125,0.9584411985299446,37.08492971810819
6.571112325922231,0.5730643260779065,36.55048625041371
1.8147966704900815,3.9640366020191875,43.781873809068536
3.088403780544172,2.80205938590431,42.956207842561554
5.704164579852726,1.53690830055171,43.634624413926346
6.603933971357574,2.697561057106249,46.03592187136049
6.450581269140461,2.419714690885802,46.016997574419754
4.807303487180981,3.742455824343528,45.75327957546396
4.957369517471435,2.2897817111380827,43.78094196656541
1.1386181851697756,0.7157886440106864,1.6471629768829736
1.447580863762349,2.804298325228601,39.04961524699092
2.229621656186577,1.5809414214315525,36.95233142807021
1.8212308170732423,2.563483924675544,39.46402568700663
8.246869317835456,2.8254740535927616,47.56819481366617
9.92857556349342,0.6301014230566485,41.271936424197776
4.802059383077512,1.7237630394549337,42.71078444573357
3.5111818573335354,1.6907352164146587,43.33094800223945
6.2983479295395295,4.761488007579025,46.369024100101626
4.463839701708197,1.924612797312038,44.738910694143144
8.151568299861825,2.375809375513552,46.6084971364095
8.223767783469093,3.4909206975614278,47.01909053272839
9.901032026433327,1.2212730027553182,46.05940434117613
9.343030591737323,2.249044541354745,47.220836177865635
8.925577141185308,1.9451938345142925,46.560681681375414
3.5565660105651675,3.036574600337478,43.72734148195332
4.055876709620432,1.1500483372269472,39.85798185223669
9.55487160505224,1.0788904946102411,44.099035761120085
7.970012529940953,0.7691417931076905,41.54221198718796
5.567305478416444,3.3509218344274716,44.8896720594782
7.616995154024566,4.128919435211472,48.00728524485825
8.016635928663419,3.5375928682104334,47.63894754702579
3.4404977439461124,1.0248442866978333,34.47365363006767
3.4052169806947,2.043812761927872,41.81724721543912
7.41670568267101,1.480225374290228,44.56249918625804
5.8220699675754926,2.076174788300379,45.39373981450417
5.536664033964762,0.6069970059177804,34.48199804634873
4.0439491493360356,0.5507660965229593,26.419501586120003
8.992086724370898,0.6727952905569085,41.60203682605965
8.546851490753772,4.829103515523754,46.95781675744739
4.684355089384686,4.749349586499173,46.1603200815839
2.4097721555172757,1.734839717853414,37.89669286117312
9.559434417255122,4.178200726007268,47.18872528450121
6.560152126705158,1.139139555261833,43.63488250682979
4.921781845697465,1.6421263463978804,42.787185879065355
5.8688088527292495,3.1926548585601,47.08753524525001
8.133625788146414,1.8613515255890758,46.05725725006874
1.3570224863961338,2.8221919723525946,36.478936487569875
7.180155924221368,3.5295550699190903,48.117279595965314
5.624948875356586,2.4146505423169953,46.930712527986266
4.311184715673772,0.6407029657246359,31.639642989176174
5.489192927033186,1.6956178772900232,45.03718144903039
3.59723176482791,1.6010573255180272,42.726906266361254
5.521264058775003,3.752577960128093,46.51774944367987
2.267854603247288,1.054049591135699,26.631651794246917
6.286372809006387,1.7472577679343508,45.04217426454701
7.236060141639301,0.6453420763242494,38.16558969531825
9.957338538359114,4.522499115896109,48.92648436948849
1.4588173569281637,2.293155281737356,33.60769429744133
1.6581728356295073,3.8580505330106214,36.630829362454094
1.2094872280726978,1.9055256687004742,33.58087342393281
2.6747155006427654,3.665418213131364,42.82408838533637
3.284023312335389,3.3208841272982603,46.071961027408804
7.362087624864168,2.932261922481236,47.982241279498275
6.408802239658659,4.652866813216225,47.159426649364256
3.4230096236170575,4.375682612482212,45.62532279580976
3.9520613735867482,2.7379979024438246,44.886889540305894
8.475897202949263,2.363878049547068,47.51659839795496
2.858426399002252,0.5806100359441292,16.635963142860284
8.681916321271032,0.5649403622994192,39.47493678884685
9.731306980497143,0.7016941072479671,41.731287546730464
8.225112519617694,3.5866939593495406,46.611776682843654
5.177809491613705,2.4839669886113662,46.20319124528588
9.317491626743179,2.8330393316517934,47.70619506870153
5.294317843711641,2.7650643232802485,46.128973182879136
7.178291302131508,3.7112573149709314,46.66652252035718
1.6293388666172435,2.424243951347251,32.721740658395184
7.166777733275218,3.2370752295052463,46.46980991952904
1.5100261709054246,3.5403185189508726,39.05169575774701
7.324995634119743,0.5418387295846844,37.64439454350057
8.73186256209856,4.828454153315269,47.12960936767677
3.5516676410397965,3.591796156876488,44.2976011547418
7.8247100039135065,1.7606033927849805,45.54071558654188
5.613563577219232,0.9097373195796563,38.88658036749787
7.031086926979821,0.5461776565103549,35.441407545891856
3.064416497043973,1.3712434173260828,39.120880359556104
6.640686350980944,3.060567523313062,46.47569083993931
4.873726880925153,2.544677162822952,44.66499948555981
9.07578201853219,3.777959879837048,47.7645036465566
9.50503878355497,3.907273246794045,47.45815729229328
2.9271727669564984,0.5164854229684779,17.593586636570834
8.80932037626998,0.8000909903295714,42.40900656458213
2.9426729867759613,2.1593717973416906,39.77136970801471
6.96663887461661,3.0331427764763736,45.85272464404363
5.450907647485597,2.7002499013103924,45.662304585407945
6.989584510512762,2.9328103760024704,47.17396082607264
3.66489541096309,1.2406467778596766,37.25152339018197
2.453972227065317,3.873647805356699,44.74592353686107
8.94553049588691,4.993260728472783,48.60643258978185
8.79937314205637,0.8706908479436692,42.22380923711635
3.6731796286714586,2.3036288832085465,41.483544893001024
6.344211130641719,3.7594760318970293,46.420289649554235
9.343522854057191,3.2626051070895716,47.438581480289585
2.1963629491191496,1.121189565231678,30.26279155940709
1.5579624717620633,0.819463115803764,14.73833759117812
9.32034289926725,2.8550287852534413,46.9953702698883
3.678027125079112,2.603160839512761,42.649420569904954
9.921892694283294,0.5444427572530173,39.99321851269338
6.40232600751206,2.6571912662621613,46.41070197908667
2.722819378014681,0.7408410146160912,32.32775476600604
6.451209487138921,1.5643981712466404,44.334731167749304
6.915222267032127,2.1611460675403755,46.649291951784534
6.9130634735231515,3.7996943484789707,47.38846205842938
3.2675964769241332,4.394112469912807,45.481147943091116
2.80911169509192,1.3416309391494439,34.43277805105346
3.391859612123471,0.8195795671279646,33.20726405074445
2.2687052741370892,3.0397843526250705,43.06105556393932
5.8773864117097965,2.086507969195628,45.22023899042339
8.202771780738727,1.5574338206380454,46.291727782214096
5.478550687218495,3.248226530957845,46.7119246332449
3.501664653917762,4.0649390766961995,45.84166597017983
3.6165472443655684,4.553206926022264,44.48694974308672
5.080317012185596,3.6364405425764517,45.88791447651011
5.927893423429529,4.979122510351032,48.718133887838256
3.3399966456851864,3.402105390451819,44.6966121451921
7.360199934440955,3.2917101985037274,47.16202647329529
7.5420042227859385,2.017939512094282,45.89107585962387
9.918564612985358,0.6069291290376133,41.24713588685068
7.527420925104976,3.8094290603143746,47.708726649497805
4.068487413556358,2.8268019140676603,45.79139241883705
5.444704170479805,1.2899571815299455,42.20232351732976
2.144524535548122,0.7641810699439395,20.20709293606741
9.735543045377906,4.908456084358455,48.1215057915691
3.215783505714939,2.2934693039583864,41.69919503706862
1.5876089841777083,1.771614961897427,33.710366260145626
2.821459341213677,1.7384913818678538,40.482508296619464
2.7529344847499595,4.656140035182811,43.07296142560117
9.462050868269158,1.0316221112312984,45.589506991144574
7.0657633952366465,2.6329314277754596,46.19540284191087
3.5243700397397744,1.6643764826869583,40.37051068850623
8.064245168141722,0.6976395184213513,41.388398461801984
4.120382917609907,1.5231634027377183,40.53636585296879
7.132804436580742,2.226044513462121,46.59301594478668
3.315804190262148,1.3441688574375292,36.362171762692405
7.452854652700145,3.1273301514136187,46.2724245131075
4.36966288347476,1.6992666285536333,44.10095500076201
7.999986724970331,1.972433168007164,45.3477440807066
2.2144248853595254,4.7621997052459255,40.90870897238411
9.296135084090986,3.792814975723676,47.97338911375696
5.2591245490835945,2.6499079183336063,45.55556030399891
1.6674099762618315,2.3579714440216955,38.45444620247451
3.401030329330883,4.529224514456826,46.932418217708225
9.671206827198374,3.2683671434338644,47.58655241308267
4.515413824319406,4.1796162903453045,45.8431589916273
2.1496103541799836,4.207225627830836,42.58445416520819
7.29235322880221,1.141062234281847,43.295110794436866
4.03793979906008,4.96478690517573,47.2369990700132
7.400116781946264,0.6853068310907384,39.55539525067795
3.413270344925433,0.6462974304464448,26.284969265462795
3.7256601537044256,3.564937590910941,46.400286432651185
5.618116348573386,1.853391937397113,44.859839943230796
8.6344645451593,4.746686706427556,48.952756518800655
4.7483235754068565,0.5332414475394982,29.24651667698711
9.043292550315567,2.9938920261933966,47.7731006247164
7.693620686525051,0.9647262922891486,43.665581971226295
9.385346975620148,2.130539259463645,46.45801800662436
6.4817504264895,4.029237846942633,46.76434908044193
7.743746759698296,1.543048347731728,45.359089069484654
3.0131800068420453,0.5898245159761395,21.740674247648357
9.916257066541924,4.25183217504311,47.60357112250546
5.99506862645674,4.8304192023163255,45.98936885135708
6.0106302281380355,2.5010086730153263,44.7359974462622
4.259539218109284,1.856328866715959,42.535502320299976
8.582672682510665,3.8090772368010897,47.78905291089036
6.773896788305218,3.6863814346838897,47.95199975843091
6.581045124214797,2.824969671437865,45.91064138627663
3.2178305675729035,3.111168499423597,41.92005002840267
3.0775635911787527,2.424583436324614,41.11561803445846
2.2993113062162482,4.777640360243865,41.93731238465226
2.961223940068666,2.1373466826666787,39.79003837242451
1.4694285907881697,2.170990961004651,35.54731726345712
9.001975186003275,1.003043917378198,44.30245984174543
4.837041385948251,3.7103916210730166,44.64468179183736
5.288334369752363,2.4585830563488473,45.321858496006975
9.775853509599235,3.1393858506222747,46.70764395583491
2.603259151495872,1.0129261678372734,30.424038004609823
9.486426066840995,4.4109209505690705,47.40776142608697
2.6010033161437427,2.439737874445367,41.10758530723605
4.383703560997908,1.3938735085923857,41.02339221969477
6.38662674675661,3.1053187060239216,46.7370483534
6.727118021907063,2.8692505863347684,46.17448571379644
6.817051533708828,0.7356395970655547,40.5305544917137
1.0118442071573581,0.9378559134748705,3.4564108064919252
3.943972260146297,3.2228996769885168,43.90009209640059
1.0162750961075346,3.5770468293426263,34.7644126592897
7.80394813575449,3.2786805584812115,47.25589007339094
1.4638029537509967,1.691603907740198,30.390526905487018
9.982607049846315,1.2634473112413558,46.18190461523742
2.260819124019695,3.993063576727835,42.76912745184298
3.2026737843083346,4.77122358336179,43.78149204534959
1.576267057578166,4.408791323901409,44.702041148087126
1.2813891064253407,2.9787519257411055,33.34706778804934
1.4190860755780714,2.062040178304974,33.835133788510234
5.548302065600736,2.5474015876308536,46.38814626048296
5.48312436957746,2.3363898460767087,46.36644967009654
4.9614436644989794,1.5914016196933587,43.446919574291194
7.889519354690252,4.7781850945727085,46.630522863214196
6.669994414684773,1.8639416267792595,45.23191485436263
5.117047362068785,3.0095310246727527,46.84819322213514
1.2528835908046845,3.7075084878020763,39.559854897088464
4.441886757978472,3.6452040146281326,45.7077059264632
2.6689608983972573,3.3780830948053504,43.03491367484649
2.863878556015809,1.6692339822858102,39.66717046270422
8.091507836764794,1.206807050158484,44.18734931552759
2.627024370128245,1.1205793712556207,33.63096028651724
9.366013125141794,2.9707249152806825,47.405666838627305
9.822923060826739,2.2281246949632267,47.218527973767976
6.140437993961528,0.534766361378862,34.66764113006669
1.367434493452645,4.688358869638981,40.41058463917664
5.145502071523428,4.825624249622286,46.146481977593915
1.472747226023607,4.146056200677439,40.215976776203036
3.4346270227133453,4.687782623731414,47.64021634064688
1.6067870008066856,4.481959580019516,37.94973054725885
1.8542925457751207,2.398720289154426,35.30195878751944
3.752970252762289,4.2653795990445476,45.38502503710115
7.986260992162306,1.7367854323629048,46.484481876613486
5.801540915853142,1.7075865789633415,43.93517949003343
2.9868191051496575,2.7330894419951504,44.8444031709049
7.888766559293689,2.7917331917086163,46.6348651813854
8.221530266113385,1.4805168829474118,45.93590717880289
5.87890885299811,2.739765640441904,46.36722905203585
8.976730404990583,1.1843363537486735,43.90392922645819
4.585789488492925,3.5778601518654924,45.28294257109973
4.532270942539565,1.191812096982619,41.31583689687758
1.7829727359546812,2.768010879159595,38.70288813314027
6.235888596618755,2.0143563343070565,46.02900490565335
1.3274746606685661,2.8271166276335578,36.001999286395076
1.356339371699216,4.606345490249976,40.615570128671216
2.7591596462528014,1.8348885830686814,40.60119386307538
5.283091584710411,4.986138969162459,47.636789921802425
7.87580897720796,0.9518782611985663,43.47115196002719
7.427778351956002,2.6662685073701446,47.44884896930759
2.407232902643507,4.579318571978715,43.618463820800315
3.7676863860446104,4.07855401036419,44.60765752953817
2.9166515100350914,0.8865260261366379,31.134835914999506
6.810785941536799,1.747501318203149,45.16385321536278
9.835955197471671,1.0637001949515459,45.17363018740891
9.80979699724484,2.204909228393847,46.837944443058284
5.646883146675533,1.7064632003549292,43.218774914601156
2.66276364648058,4.269188940433426,43.95166971780736
2.7594282931523715,2.8110989639809874,40.14410195215326
4.685059295702323,1.8064357678868361,45.56517665185205
8.399050219294274,3.523995711421456,47.26015314853721
8.359392932506852,3.784692121428087,46.3729362676535
6.587393394375145,2.769297777946677,45.99349940446123
1.4143254429409713,1.6262788746231558,27.06418289074588
1.264686842112289,3.6958817663852734,35.76476012481641
2.4557816157624863,0.6522923133306475,19.42183031103915
9.015544177818851,3.043156971663428,46.227763653679574
9.242554986423396,1.5517574675062475,46.73607380120189
8.869508569121832,0.8111402068577059,43.49651275643097
7.379336659768823,3.6832284276930864,47.967286835505696
7.609248491816562,3.424611111953504,46.64094734709916
7.618134990159931,2.806841922659653,47.405922970949185
3.5721613288788454,3.1916239804707063,44.98616664883723
5.549201907901487,3.2804141919241943,46.65438296268637
1.1301493002490322,4.121442870831495,42.62563054961209
9.161436566233284,2.494347185916105,47.964594906648315
9.25507598260206,4.31252047887178,48.43100715961041
1.9655222819708407,3.874874970412867,42.73318264924823
1.2721751939830672,3.9150996902565,41.91564630573101
6.743185388649197,0.9331449303296959,42.352339538120525
4.598585572544607,0.6897372395520288,35.694312145969974
6.024171619159713,1.3797617590169906,44.86838120224838
5.43089044164198,2.0536650952593565,45.07642620336232
2.5877719845538323,1.343903209674157,34.936538240436924
3.492627101655999,3.0786796363059667,43.71855941639744
7.23264939356157,0.6693599699262684,38.08247339616775
9.918303189542897,2.3382146449018717,46.90536894172935
4.512807315930468,1.0509326030483686,38.41908512530552
3.6441780323898887,4.5901120811396945,44.68651642882056
7.278435202369959,2.267941904141331,45.39028320419174
5.325307891843682,2.318763834387547,46.41611278950367
6.091264670569894,1.39223113567428,42.724880451941175
6.925046261173865,1.8110540911297517,45.694529841560424
2.473327218866099,2.521889859673831,39.34382937957211
6.980874516189825,1.9127022443543866,45.31653330694508
6.427060090357086,3.7729338460976316,47.634685104336505
9.419379346188418,3.098082997623581,47.8673808205568
4.764148282310411,1.7383206115297023,43.39165911445887
2.335126273199881,2.4337232383955407,39.25564670427033
1.3781115382100884,2.4929661928179465,35.11383927143398
1.3610079882931378,4.753917587721131,36.50148488516097
4.066692104536164,4.4642934486299914,46.14674774645972
1.968975658741838,3.8387241215506296,39.67727083135927
3.712104252566496,4.892402716815473,46.61253692863065
2.845712602818607,1.880254707111001,42.14538971157531
1.9772457833035104,3.6491733124019468,43.26545320875528
9.277839023249264,2.5695075971904107,45.95628470585725
9.096585945442557,3.386211413191774,46.744496985954946
8.4619753769422,4.172418363872977,47.132745873628636
4.428303339116676,4.437204495398646,46.48171962841211
8.76300620645535,1.6145393221929234,45.386556035148864
1.9663335996839446,4.546867742772501,42.0016766200997
3.342978572562674,3.6340929700901934,44.56692424705917
5.9102655157799004,3.9254825217163734,47.50376069539803
8.831620239114145,0.7036274693622433,41.27261662276393
1.2318340071620701,3.406332120630887,34.858050848470995
3.0956525622045814,4.6822352316618066,45.338310226256695
7.27844095357391,2.257538082552183,47.528247152948424
9.278919255099062,3.316490882063828,47.67522887604559
3.0824404938662124,0.6613558976359839,23.671359778754233
8.854044622884972,2.979302499526483,47.02695878615005
5.4393019624540795,0.5883861791413905,34.94585529282331
2.708702417511478,1.4396101510978727,37.980387223455956
9.56418411944259,0.8498390134599865,44.1781335762839
2.4680470205590024,4.888834016253596,45.46533110525475
1.1921581337447447,4.4959982564943095,39.609293315913995
1.2558220828647908,4.827693846316399,42.62373064900415
8.805025815667852,4.763514917105587,46.72077744225511
9.357909167466895,3.5358546099762735,48.29987785273066
9.33536457848909,4.547711995853612,46.44321588447384
3.6172687292211108,4.837783773891141,44.05416857704524
4.784480913822926,4.295874538705628,47.389626537494486
7.39362830385109,3.605819233545055,47.36470242882553
1.721343879639597,0.8747191336036821,17.220013217416422
3.1609871566132,2.561508389452822,43.38784641418446
